History.txt
License.txt
Manifest.txt
README.txt
Rakefile
bin/smc
config/hoe.rb
config/requirements.rb
lib/smallcage.rb
lib/smallcage/application.rb
lib/smallcage/commands/auto.rb
lib/smallcage/commands/base.rb
lib/smallcage/commands/clean.rb
lib/smallcage/commands/export.rb
lib/smallcage/commands/import.rb
lib/smallcage/commands/manifest.rb
lib/smallcage/commands/server.rb
lib/smallcage/commands/update.rb
lib/smallcage/document_path.rb
lib/smallcage/erb_base.rb
lib/smallcage/http_server.rb
lib/smallcage/loader.rb
lib/smallcage/misc.rb
lib/smallcage/renderer.rb
lib/smallcage/resources/Manifest.erb
lib/smallcage/resources/auto.html
lib/smallcage/runner.rb
lib/smallcage/version.rb
project/base/_smc/helpers/base_helper.rb
project/base/_smc/helpers/site_helper.rb
project/base/_smc/templates/default.rhtml
project/base/_smc/templates/footer.rhtml
project/base/_smc/templates/header.rhtml
project/lang/_smc/helpers/lang_helper.rb
project/lang/_smc/templates/other_lang.rhtml
project/nkf/_smc/filters/filters.yml
project/nkf/_smc/filters/nkf_filter.rb
project/redcloth/_smc/helpers/red_cloth_helper.rb
project/redcloth/_smc/templates/markdown.rhtml
project/redcloth/_smc/templates/textile.rhtml
project/relpath/_smc/filters/filters.yml
project/relpath/_smc/filters/relpath_filter.rb
project/standard/_dir.smc
project/standard/_smc/helpers/base_helper.rb
project/standard/_smc/helpers/menu_helper.rb
project/standard/_smc/templates/footer.rhtml
project/standard/_smc/templates/header.rhtml
project/standard/_smc/templates/menu.rhtml
project/standard/_smc/templates/redirect.rhtml
project/standard/_smc/templates/sidebar.rhtml
project/standard/_smc/templates/topic_path.rhtml
project/standard/about/_dir.smc
project/standard/about/index.html.smc
project/standard/common/css/default.css
project/standard/common/css/print.css
project/standard/index.html.smc
project/standard/menu1/_dir.smc
project/standard/menu1/index.html.smc
project/standard/menu1/index2.html.smc
project/standard/menu2/1/_dir.smc
project/standard/menu2/1/index.html.smc
project/standard/menu2/2/_dir.smc
project/standard/menu2/2/index.html.smc
project/standard/menu2/_dir.smc
project/standard/menu2/index.html.smc
project/standard/menu2/redirect.html.smc
script/destroy
script/destroy.cmd
script/generate
script/generate.cmd
setup.rb
spec/data/htdocs1/_dir.smc
spec/data/htdocs1/a/b/c/index.html.smc
spec/data/htdocs2/_smc/templates/dummy.rhtml
spec/data/htdocs2/a/b/c/test.html
spec/data/htdocs2/a/b/test.html
spec/data/htdocs2/a/test.html.smc
spec/document_path_spec.rb
spec/export_spec.rb
spec/import_spec.rb
spec/loader_spec.rb
spec/manifest_spec.rb
spec/misc_spec.rb
spec/smallcage_spec.rb
spec/spec.opts
spec/spec_helper.rb
tasks/deployment.rake
tasks/environment.rake
tasks/rspec.rake
tasks/website.rake
test/test_helper.rb
test/test_smallcage.rb
